product_id,title,price,sold_count,commission_pct,affiliate_url,category,image_url
TM10001,Bamboo Desktop Organizer with Drawer,8.49,45210,15,https://temu.example/aff/TM10001,desk organization,https://img.example/TM10001.jpg
TM10002,Cable Management Box Set of 3,6.99,88340,12,https://temu.example/aff/TM10002,desk organization,https://img.example/TM10002.jpg
TM10003,Monitor Stand Riser with Storage,12.99,23150,18,https://temu.example/aff/TM10003,desk organization,https://img.example/TM10003.jpg
TM10004,Rotating Makeup Organizer 360,9.99,120500,14,https://temu.example/aff/TM10004,bathroom organization,https://img.example/TM10004.jpg
TM10005,Adhesive Shower Caddy Rustproof,7.49,64200,11,https://temu.example/aff/TM10005,bathroom organization,https://img.example/TM10005.jpg
TM10006,Ceramic Soap Dispenser Set,11.49,31800,16,https://temu.example/aff/TM10006,bathroom organization,https://img.example/TM10006.jpg
TM10007,LED Strip Lights 16ft,13.99,410000,9,https://temu.example/aff/TM10007,room decor,https://img.example/TM10007.jpg
TM10008,Velvet Hangers 30 Pack,15.99,95000,13,https://temu.example/aff/TM10008,closet organization,https://img.example/TM10008.jpg
TM10009,Under Sink Organizer 2 Tier,10.99,8200,17,https://temu.example/aff/TM10009,bathroom organization,https://img.example/TM10009.jpg
TM10010,Desk Pad Large Leather,9.49,52700,15,https://temu.example/aff/TM10010,desk organization,https://img.example/TM10010.jpg
